{
  "info": {
    "_postman_id": "a1b2c3d4-e5f6-7890",
    "name": "Customer API with MFA",
    "schema": "https://schema.getpostman.com/json/collection/v2.1.0/collection.json",
    "description": "Complete API collection for testing MFA authentication and customer management"
  },
  "item": [
    {
      "name": "Authentication",
      "item": [
        {
          "name": "Register User",
          "request": {
            "method": "POST",
            "header": [
              {
                "key": "Content-Type",
                "value": "application/json"
              },
              {
                "key": "Accept",
                "value": "application/json"
              }
            ],
            "body": {
              "mode": "raw",
              "raw": "{\n    \"name\": \"Test User\",\n    \"email\": \"test@example.com\",\n    \"password\": \"password123\",\n    \"password_confirmation\": \"password123\"\n}"
            },
            "url": {
              "raw": "{{base_url}}/api/v1/register",
              "host": ["{{base_url}}"],
              "path": ["api","v1","register"]
            }
          },
          "response": []
        },
        {
          "name": "Login User",
          "request": {
            "method": "POST",
            "header": [
              {
                "key": "Content-Type",
                "value": "application/json"
              }
            ],
            "body": {
              "mode": "raw",
              "raw": "{\n    \"email\": \"test@example.com\",\n    \"password\": \"password123\"\n}"
            },
            "url": {
              "raw": "{{base_url}}/api/v1/login",
              "host": ["{{base_url}}"],
              "path": ["api","v1","login"]
            }
          },
          "response": []
        },
        {
          "name": "Verify MFA Token",
          "request": {
            "method": "POST",
            "header": [
              {
                "key": "Content-Type",
                "value": "application/json"
              }
            ],
            "body": {
              "mode": "raw",
              "raw": "{\n    \"user_id\": 1,\n    \"mfa_token\": \"1234\"\n}"
            },
            "url": {
              "raw": "{{base_url}}/api/v1/verify-mfa",
              "host": ["{{base_url}}"],
              "path": ["api","v1","verify-mfa"]
            }
          },
          "response": []
        },
        {
          "name": "Resend MFA Token",
          "request": {
            "method": "POST",
            "header": [
              {
                "key": "Content-Type",
                "value": "application/json"
              }
            ],
            "body": {
              "mode": "raw",
              "raw": "{\n    \"user_id\": 1\n}"
            },
            "url": {
              "raw": "{{base_url}}/api/v1/resend-mfa",
              "host": ["{{base_url}}"],
              "path": ["api","v1","resend-mfa"]
            }
          },
          "response": []
        },
        {
          "name": "Logout",
          "request": {
            "method": "POST",
            "header": [
              {
                "key": "Content-Type",
                "value": "application/json"
              },
              {
                "key": "Authorization",
                "value": "Bearer {{access_token}}"
              }
            ],
            "url": {
              "raw": "{{base_url}}/api/v1/logout",
              "host": ["{{base_url}}"],
              "path": ["api","v1","logout"]
            }
          },
          "response": []
        }
      ]
    },
    {
      "name": "Customers",
      "item": [
        {
          "name": "List Customers",
          "request": {
            "method": "GET",
            "header": [
              {
                "key": "Authorization",
                "value": "Bearer {{access_token}}"
              },
              {
                "key": "Accept",
                "value": "application/json"
              }
            ],
            "url": {
              "raw": "{{base_url}}/api/v1/customers",
              "host": ["{{base_url}}"],
              "path": ["api","v1","customers"]
            }
          },
          "response": []
        },
        {
          "name": "Create Customer",
          "request": {
            "method": "POST",
            "header": [
              {
                "key": "Content-Type",
                "value": "application/json"
              },
              {
                "key": "Authorization",
                "value": "Bearer {{access_token}}"
              }
            ],
            "body": {
              "mode": "raw",
              "raw": "{\n    \"first_name\": \"John\",\n    \"last_name\": \"Doe\",\n    \"email\": \"john.doe@example.com\",\n    \"age\": 30,\n    \"dob\": \"1990-01-01\"\n}"
            },
            "url": {
              "raw": "{{base_url}}/api/v1/customers",
              "host": ["{{base_url}}"],
              "path": ["api","v1","customers"]
            }
          },
          "response": []
        },
        {
          "name": "Get Customer",
          "request": {
            "method": "GET",
            "header": [
              {
                "key": "Authorization",
                "value": "Bearer {{access_token}}"
              }
            ],
            "url": {
              "raw": "{{base_url}}/api/v1/customers/1",
              "host": ["{{base_url}}"],
              "path": ["api","v1","customers","1"]
            }
          },
          "response": []
        },
        {
          "name": "Update Customer",
          "request": {
            "method": "PUT",
            "header": [
              {
                "key": "Content-Type",
                "value": "application/json"
              },
              {
                "key": "Authorization",
                "value": "Bearer {{access_token}}"
              }
            ],
            "body": {
              "mode": "raw",
              "raw": "{\n    \"first_name\": \"John Updated\",\n    \"last_name\": \"Doe\",\n    \"email\": \"john.updated@example.com\",\n    \"age\": 31,\n    \"dob\": \"1990-01-01\"\n}"
            },
            "url": {
              "raw": "{{base_url}}/api/v1/customers/1",
              "host": ["{{base_url}}"],
              "path": ["api","v1","customers","1"]
            }
          },
          "response": []
        },
        {
          "name": "Delete Customer",
          "request": {
            "method": "DELETE",
            "header": [
              {
                "key": "Authorization",
                "value": "Bearer {{access_token}}"
              }
            ],
            "url": {
              "raw": "{{base_url}}/api/v1/customers/1",
              "host": ["{{base_url}}"],
              "path": ["api","v1","customers","1"]
            }
          },
          "response": []
        }
      ]
    }
  ],
  "auth": null,
  "event": [
    {
      "listen": "prerequest",
      "script": {
        "exec": [
          ""
        ],
        "type": "text/javascript"
      }
    },
    {
      "listen": "test",
      "script": {
        "exec": [
          "pm.test(\"Status code is 200\", function () {",
          "    pm.response.to.have.status(200);",
          "});",
          "",
          "pm.test(\"Response time is less than 500ms\", function () {",
          "    pm.expect(pm.response.responseTime).to.be.below(500);",
          "});"
        ],
        "type": "text/javascript"
      }
    }
  ],
  "variable": [
    {
      "key": "base_url",
      "value": "http://localhost:8000",
      "description": "Local development URL"
    },
    {
      "key": "access_token",
      "value": "",
      "description": "Will be set after MFA verification"
    }
  ]
}