{
  "openapi": "3.0.0",
  "info": {
    "title": "Customer API",
    "version": "1.0.0"
  },
  "paths": {
    "/api/v1/register": {
      "post": {
        "summary": "Register new user",
        "requestBody": {
          "content": {
            "application/json": {
              "schema": {
                "type": "object",
                "properties": {
                  "name": {"type": "string"},
                  "email": {"type": "string", "format": "email"},
                  "password": {"type": "string", "minLength": 8},
                  "password_confirmation": {"type": "string"}
                },
                "required": ["name", "email", "password"]
              }
            }
          }
        },
        "responses": {
          "200": {
            "description": "MFA token sent",
            "content": {
              "application/json": {
                "example": {
                  "message": "MFA token sent",
                  "data": {
                    "user_id": 1,
                    "token_expires_in": 300
                  }
                }
              }
            }
          }
        }
      }
    },
    "/api/v1/verify-mfa": {
      "post": {
        "summary": "Verify MFA token",
        "requestBody": {
          "content": {
            "application/json": {
              "schema": {
                "type": "object",
                "properties": {
                  "user_id": {"type": "integer"},
                  "mfa_token": {"type": "string", "pattern": "^\\d{4}$"}
                },
                "required": ["user_id", "mfa_token"]
              }
            }
          }
        },
        "responses": {
          "200": {
            "description": "Authentication successful",
            "content": {
              "application/json": {
                "example": {
                  "access_token": "eyJ0eXAiOiJKV1Qi...",
                  "token_type": "Bearer",
                  "user": {
                    "id": 1,
                    "name": "John Doe",
                    "email": "john@example.com"
                  }
                }
              }
            }
          }
        }
      }
    }
  }
}